ID,Name,Role,Department,Experience,Shift Time,Certifications
15,Ava Thompson,Senior Caregiver,Emergency,9 years,Morning (7AM - 3PM),"Emergency Care, BLS, ACLS"
5C,Mia Rodriguez,Caregiver,General Ward,3 years,Afternoon (3PM - 11PM),"General Care, BLS"
6B,Sophia Patel,Senior Caregiver,ICU,11 years,Night (11PM - 7AM),"Trauma Care, Emergency Care, ACLS, BLS"
6D,Isabella Nguyen,Caregiver,Pediatrics,4 years,Morning (7AM - 3PM),"Pediatric Care, General Care, BLS"
7A,Charlotte Kim,Caregiver,Trauma Unit,5 years,Afternoon (3PM - 11PM),"Trauma Care, BLS"
7E,Amelia Johnson,Senior Caregiver,Geriatric Care,10 years,Night (11PM - 7AM),"Emergency Care, Trauma Care, ACLS"
83,Harper Davis,Caregiver,Surgical Ward,2 years,Morning (7AM - 3PM),"General Care, BLS, Pediatric Care"
8B,Evelyn Martinez,Senior Caregiver,Cardiac Care,8 years,Afternoon (3PM - 11PM),"Emergency Care, ACLS, BLS"
94,Abigail Brown,Caregiver,Neurology,6 years,Night (11PM - 7AM),"General Care, Trauma Care, BLS"
BG,Emily Wilson,Caregiver,Maternity,4 years,Morning (7AM - 3PM),"Pediatric Care, General Care, BLS"
CE,Ella Moore,Senior Caregiver,Orthopedics,12 years,Afternoon (3PM - 11PM),"Emergency Care, ACLS, Trauma Care, BLS"
DF,Grace Taylor,Caregiver,Rehabilitation,3 years,Night (11PM - 7AM),"General Care, BLS"
E4,Lily Anderson,Caregiver,Oncology,5 years,Morning (7AM - 3PM),"Pediatric Care, General Care, BLS"
EG,Zoey Thomas,Senior Caregiver,Dialysis,7 years,Afternoon (3PM - 11PM),"Emergency Care, ACLS, BLS"
F5,Nora Jackson,Caregiver,Outpatient Care,2 years,Night (11PM - 7AM),"General Care, BLS"
